acc_x, acc_y, angular_z, stamp, 
-0.004875540733337402, 0.013272225856781006, 0.00016004821785141568, 1791403367778131004, 
-0.03738391399383545, -0.015423059463500977, 0.0001609607285314951, 1791403367808079465, 
0.0004621744155883789, 0.013218462467193604, 0.00015979635100848055, 1791403367838199524, 
0.005685687065124512, -0.005032539367675781, 0.00016072630545719218, 1791403367868145307, 
0.02696174383163452, 0.0019145607948303223, 0.00015420458432253712, 1791403367899405884, 
-0.00400155782699585, -0.014548778533935547, 0.00015289784956156, 1791403367930836155, 
0.0048179030418396, -0.012935459613800049, 0.00017583704713180706, 1791403367958166097, 
0.0010401606559753418, -0.018522441387176514, 0.00015991736542303694, 1791403367988216719, 
-0.0026956796646118164, -0.007759571075439453, 0.00015938996124207055, 1791403368018366761, 
0.005936622619628906, -0.009616076946258545, 0.00015909669187844178, 1791403368048385052, 
0.002172112464904785, -0.014812767505645752, 0.00016015179520710845, 1791403368078252120, 
-0.006562709808349609, 0.01803576946258545, 0.0001444871276655384, 1791403368171695271, 
-0.035186946392059326, 0.011047184467315674, 0.00015939905682244978, 1791403368228993927, 
-0.005741238594055176, -0.014631390571594238, 0.00016050499496833136, 1791403368319089385, 
-0.018202900886535645, 0.012235164642333984, 0.0001604377541141569, 1791403368349042573, 
-0.0015876293182373047, 0.004975855350494385, 0.00015625172678069305, 1791403368379845913, 
0.014755725860595703, 0.0011455416679382324, 0.00014972880184400272, 1791403368412040968, 
0.014851629734039307, -0.018756449222564697, 0.0001780756513830204, 1791403368439069236, 
0.0022513866424560547, -0.01524055004119873, 0.0001595014938703407, 1791403368469104849, 
-0.003137648105621338, -0.015187501907348633, 0.0001597714641002146, 1791403368499089710, 
0.0056154727935791016, -0.007333517074584961, 0.00010694741880541541, 1791403368529046025, 
0.06793636083602905, -0.01989656686782837, -0.000282177030821539, 1791403368559066831, 
1.393739938735962, 0.2985997796058655, 0.029820186310773353, 1791403368588717962, 
0.8997465968132019, -0.06275683641433716, 0.12249458088869385, 1791403368620333170, 
1.1014161109924316, -0.058613598346710205, 0.12572028197998883, 1791403368652042062, 
1.039297342300415, -0.0678289532661438, 0.21267898853843603, 1791403368679045437, 
0.4745752811431885, 0.21239489316940308, 0.21463520348827034, 1791403368709069537, 
0.24639350175857544, 0.4741162657737732, 0.24464027974408623, 1791403368739056485, 
0.875646710395813, 0.05140244960784912, 0.3179247426735222, 1791403368769116866, 
0.6393768787384033, -0.2344456911087036, 0.36368706549476343, 1791403368799330137, 
0.6937161684036255, 0.5320741534233093, 0.405289418735039, 1791403368829124140, 
-0.3325514793395996, 0.2441977858543396, 0.4140476475586123, 1791403368859707701, 
-0.11606156826019287, -0.34348028898239136, 0.3664308167349108, 1791403368892184463, 
-0.07032561302185059, 0.03935098648071289, 0.4282007223961866, 1791403368919089596, 
-0.42173510789871216, 0.6584406495094299, 0.38226512431949894, 1791403368949146076, 
-0.08035963773727417, -0.43928998708724976, 0.384441987576383, 1791403368979174499, 
0.2387913465499878, 0.014061689376831055, 0.40126225030039375, 1791403369009177461, 
0.21408390998840332, 0.45889967679977417, 0.42357767265345064, 1791403369039376620, 
-0.10822010040283203, 0.05849260091781616, 0.4313912959549023, 1791403369069254377, 
-0.23980504274368286, -0.3917747735977173, 0.4220720309180487, 1791403369099767762, 
0.06771206855773926, 0.3702371120452881, 0.3859155116948071, 1791403369132339934, 
-0.12086087465286255, 0.17991894483566284, 0.4612119973368787, 1791403369159188597, 
0.26507568359375, 0.07009649276733398, 0.4070289462455361, 1791403369189127127, 
-0.25434786081314087, 0.11942064762115479, 0.43034964608578913, 1791403369219210758, 
0.08771353960037231, -0.08818042278289795, 0.4146766889634299, 1791403369249179232, 
0.06833302974700928, -0.021123290061950684, 0.3978760862142173, 1791403369279276195, 
-0.20055824518203735, 0.15356659889221191, 0.3801748137805653, 1791403369309166940, 
-0.002845585346221924, 0.12803977727890015, 0.3667235504138125, 1791403369339622026, 
-0.07237046957015991, -0.16395825147628784, 0.38460153634043764, 1791403369371683312, 
0.051409900188446045, 0.1687002182006836, 0.4685423645003746, 1791403369399239830, 
0.3509921431541443, 0.006218671798706055, 0.39554818917496565, 1791403369429226680, 
-0.2491319179534912, 0.09720355272293091, 0.3623884125648552, 1791403369459259270, 
0.12142932415008545, 0.16684699058532715, 0.4172050268498461, 1791403369489074790, 
-0.08366966247558594, 0.08842909336090088, 0.432551506509667, 1791403369519022269, 
-0.15207022428512573, 0.14926135540008545, 0.416272818638659, 1791403369549061889, 
0.03003060817718506, 0.12508684396743774, 0.3948378741334511, 1791403369579925414, 
0.06581836938858032, -0.17197519540786743, 0.3547170701630611, 1791403369611739553, 
-0.030693471431732178, 0.03854382038116455, 0.4407679539460438, 1791403369639246255, 
-0.2405809760093689, 0.199290931224823, 0.4152888386253634, 1791403369669109713, 
0.22156327962875366, 0.02429443597793579, 0.37828392685221174, 1791403369699189980, 
0.04952669143676758, 0.273639976978302, 0.3793005208491723, 1791403369729195895, 
-0.42742854356765747, -0.24510347843170166, 0.3843856012005395, 1791403369759226443, 
0.44680255651474, 0.007769346237182617, 0.4140799735119816, 1791403369789225641, 
-0.3894495368003845, 0.6701127290725708, 0.4127902407976238, 1791403369819581717, 
-0.18408793210983276, -0.45745253562927246, 0.3872229309624612, 1791403369851802716, 
-0.38607603311538696, -0.743111252784729, 0.4282337575766131, 1791403369879686595, 
0.5366507172584534, 0.3356010317802429, 0.3636040949408619, 1791403369909420639, 
-0.22238153219223022, 0.34378868341445923, 0.4092753144695339, 1791403369939262030, 
0.07239973545074463, -0.31926435232162476, 0.4509409663004299, 1791403369968479614, 
0.2719873785972595, 0.5054796934127808, 0.4459081922138101, 1791403369999300288, 
-0.528380274772644, 0.4021558165550232, 0.4293770151929652, 1791403370029319302, 
0.08149635791778564, -0.6121920347213745, 0.37398062959912165, 1791403370059603972, 
0.059895336627960205, -0.0038599371910095215, 0.3208445870640441, 1791403370092138807, 
-0.13890105485916138, 0.2792632579803467, 0.4434190165238687, 1791403370118472321, 
0.18273454904556274, 0.060175180435180664, 0.4305404347430459, 1791403370149405163, 
-0.17684805393218994, 0.14936208724975586, 0.43275047323840005, 1791403370179421165, 
-0.05927741527557373, 0.008141160011291504, 0.39537167243912946, 1791403370209666982, 
-0.18416827917099, -0.2798958420753479, 0.39636903678754665, 1791403370238506971, 
0.04420173168182373, 0.24877393245697021, 0.38235469225013063, 1791403370268513877, 
-0.1619267463684082, -0.02516186237335205, 0.375459132628614, 1791403370299724167, 
0.28163963556289673, 0.11325836181640625, 0.3598253120796896, 1791403370332083331, 
-0.04026573896408081, 0.2568044066429138, 0.42199035010947034, 1791403370359588405, 
0.30394691228866577, -0.28487706184387207, 0.39796349282505256, 1791403370389570375, 
-0.04613572359085083, -0.015201747417449951, 0.39542402171261465, 1791403370419634715, 
-0.15565675497055054, 0.14219266176223755, 0.41350003392674867, 1791403370449610824, 
0.09745579957962036, 0.10308462381362915, 0.40263386700962045, 1791403370479693272, 
-0.05869877338409424, 0.11421060562133789, 0.3714299824511898, 1791403370509662601, 
0.10500997304916382, -0.06127506494522095, 0.3849817699329545, 1791403370540155096, 
-0.10684633255004883, 0.05526036024093628, 0.39906888928421996, 1791403370571668594, 
0.21128767728805542, 0.12871044874191284, 0.42080596281329985, 1791403370601868755, 
-0.009018003940582275, 0.5259063839912415, 0.4336857604325543, 1791403370639683411, 
-0.16498035192489624, 0.0017206072807312012, 0.39034129305082405, 1791403370669702696, 
0.11681193113327026, -0.11810725927352905, 0.388011680631579, 1791403370699738337, 
0.1750977635383606, 0.43448448181152344, 0.37558388004537346, 1791403370732071845, 
-0.10476183891296387, 0.4006043076515198, 0.4365874439495185, 1791403370759886696, 
-0.05026882886886597, -0.2769283056259155, 0.3876387315330435, 1791403370789760724, 
0.15854787826538086, 0.038879334926605225, 0.39844606776795133, 1791403370819766796, 
-0.28735941648483276, 0.3769087791442871, 0.4105374170855251, 1791403370849783942, 
-0.23163312673568726, -0.20326542854309082, 0.4132703955053459, 1791403370879818486, 
-0.07780438661575317, 0.22078734636306763, 0.4174833298628564, 1791403370909815980, 
-0.15968185663223267, 0.0747939944267273, 0.43370679274976864, 1791403370938888160, 
-0.014964461326599121, -0.20057809352874756, 0.36256190881517086, 1791403370971665140, 
0.1876990795135498, 0.2776913046836853, 0.380332064155877, 1791403371002220908, 
-0.09043014049530029, 0.19528430700302124, 0.45757005929124195, 1791403371029052567, 
-0.18360763788223267, -0.009774923324584961, 0.37194344027851095, 1791403371059943255, 
-0.00629192590713501, 0.14553481340408325, 0.3930914135814744, 1791403371089931862, 
-0.18473374843597412, 0.16720104217529297, 0.4006187143802881, 1791403371119950778, 
0.3319513201713562, -0.06844353675842285, 0.4101846240906486, 1791403371149934974, 
0.12715518474578857, 0.11154639720916748, 0.41784414576357165, 1791403371180258854, 
-0.6993487477302551, -0.03283745050430298, 0.38248880929396795, 1791403371211994654, 
0.3349314332008362, -0.02554541826248169, 0.3903539728817159, 1791403371242821838, 
-0.20475661754608154, 0.24086356163024902, 0.4091692551051574, 1791403371270076790, 
0.35463303327560425, 0.026385605335235596, 0.3831696866711738, 1791403371300080138, 
0.08702337741851807, -0.11277824640274048, 0.4283545325134304, 1791403371330079996, 
-0.10007035732269287, 0.025871455669403076, 0.41602139134929145, 1791403371360130437, 
-0.14927512407302856, 0.005231678485870361, 0.4047176762757221, 1791403371390124949, 
0.1736125349998474, 0.2363021969795227, 0.38399060416628217, 1791403371420155814, 
-0.15846574306488037, 0.023755133152008057, 0.3716366991238082, 1791403371452158684, 
0.001311182975769043, -0.1566256284713745, 0.405755072990322, 1791403371483187001, 
0.30924272537231445, 0.3608594536781311, 0.44565593958852406, 1791403371510210086, 
-0.34104520082473755, -0.003870069980621338, 0.3960974477263591, 1791403371540206724, 
0.05143165588378906, -0.544762134552002, 0.388876887648137, 1791403371570260357, 
-0.21576303243637085, -0.11117416620254517, 0.4248783250808115, 1791403371599458476, 
-0.08337277173995972, 0.5447102189064026, 0.4194484834445221, 1791403371630312131, 
-0.3039177656173706, -0.008294939994812012, 0.40661088498454573, 1791403371660245920, 
0.23548758029937744, -0.3250235319137573, 0.36267487840817353, 1791403371692293396, 
-0.09993487596511841, 0.42571747303009033, 0.3802342997368738, 1791403371723084924, 
-0.20192420482635498, -0.03344804048538208, 0.42539486223974965, 1791403371750339942, 
-0.06536543369293213, -0.21972119808197021, 0.4090720987504767, 1791403371780348239, 
0.08214157819747925, 0.4363694190979004, 0.4180223737219334, 1791403371810382210, 
-0.23888170719146729, -0.2580128312110901, 0.402875276865006, 1791403371840355926, 
0.35536110401153564, 0.14210838079452515, 0.39106918297736426, 1791403371870389545, 
0.002574920654296875, 0.34419822692871094, 0.37762646166685854, 1791403371900406030, 
-0.07740694284439087, -0.2219240665435791, 0.3746515404636053, 1791403371931698663, 
0.14994686841964722, 0.2226194143295288, 0.38699754511162776, 1791403371963668886, 
-0.13180625438690186, -0.05258774757385254, 0.4604601085213479, 1791403371990514084, 
-0.11937528848648071, -0.095608651638031, 0.40629227539555823, 1791403372020405385, 
0.20351403951644897, -0.06494224071502686, 0.41052957510421656, 1791403372049442371, 
0.37236958742141724, 0.021467924118041992, 0.39936546180551724, 1791403372080516929, 
0.03879737854003906, 0.13636797666549683, 0.4138715764130281, 1791403372110520618, 
-0.043339312076568604, 0.1422976851463318, 0.42588688242154954, 1791403372140537061, 
-0.22130799293518066, 0.1938188076019287, 0.3791890234137123, 1791403372171709045, 
0.10613739490509033, -0.21963733434677124, 0.3573908756694444, 1791403372204048163, 
-0.0795743465423584, -0.04819899797439575, 0.44092096365607386, 1791403372230720343, 
-0.13184642791748047, 0.25225234031677246, 0.38237797487755065, 1791403372260597024, 
0.13457345962524414, -0.13378626108169556, 0.38232019231827497, 1791403372290621753, 
-0.07098466157913208, 0.3770591616630554, 0.3985535599558991, 1791403372320741115, 
0.16296786069869995, 0.010697662830352783, 0.4069343149206817, 1791403372350687415, 
-0.18375229835510254, -0.05540919303894043, 0.3982328037513268, 1791403372380687795, 
0.3121335506439209, 0.3899303078651428, 0.3959304704335547, 1791403372411749590, 
-0.37252670526504517, -0.30909693241119385, 0.3915155647331709, 1791403372443757734, 
-0.1768551468849182, -0.017684102058410645, 0.4312073586889408, 1791403372480864301, 
-0.10668009519577026, -0.37943464517593384, 0.4045684994289294, 1791403372510747949, 
0.20645028352737427, 0.47796493768692017, 0.4250289884392524, 1791403372540737074, 
-0.30749815702438354, -0.09090381860733032, 0.38945041388034446, 1791403372572221392, 
0.02696692943572998, -0.23603779077529907, 0.3708386453572068, 1791403372603995849, 
0.10870492458343506, 0.5735905766487122, 0.4239952515261229, 1791403372631192005, 
-0.35807639360427856, -0.14425444602966309, 0.3949900338109486, 1791403372660805462, 
0.26639044284820557, -0.2657110095024109, 0.41702969405471674, 1791403372690848785, 
0.11498725414276123, 0.5116759538650513, 0.4136692608153063, 1791403372720845249, 
-0.21855789422988892, -0.29360949993133545, 0.393089973684, 1791403372750916048, 
0.11032837629318237, -0.2835313081741333, 0.3983173860468064, 1791403372780912108, 
-0.028690457344055176, 0.7683397531509399, 0.3823066875869954, 1791403372812103229, 
-0.0019751787185668945, -0.15254110097885132, 0.3712745074617599, 1791403372844186181, 
0.23978888988494873, -0.11459314823150635, 0.46518925609534123, 1791403372870955002, 
-0.3222988247871399, 0.20290690660476685, 0.4009552190626446, 1791403372900964482, 
-0.022866010665893555, -0.2601490616798401, 0.4267516119337294, 1791403372929959182, 
-0.06957721710205078, 0.24344635009765625, 0.41333696240600937, 1791403372959955934, 
-0.024609744548797607, 0.38224852085113525, 0.4152890557885939, 1791403372989992576, 
-0.19524377584457397, -0.47789961099624634, 0.4106348373605483, 1791403373020013478, 
0.08858984708786011, 0.28783804178237915, 0.3892779891519712, 1791403373051870815, 
0.10506600141525269, 0.36949682235717773, 0.3779850461207336, 1791403373083708706, 
-0.09069085121154785, -0.1143641471862793, 0.42891590383070394, 1791403373111167114, 
0.20419937372207642, -0.15276497602462769, 0.4184944893980439, 1791403373141114307, 
-0.18596434593200684, 0.07871848344802856, 0.40491584813505627, 1791403373171143919, 
-0.02213495969772339, 0.023143649101257324, 0.41004247507435937, 1791403373201152880, 
0.04953688383102417, 0.36942410469055176, 0.39991486021645234, 1791403373231197010, 
-0.19408738613128662, 0.02310127019882202, 0.3773701572303847, 1791403373261190002, 
-0.15750223398208618, -0.42793911695480347, 0.3600351674561115, 1791403373292544715, 
0.34437060356140137, 0.09377223253250122, 0.37593971296032996, 1791403373323743889, 
-0.24257230758666992, 0.4418293237686157, 0.4425550074542223, 1791403373351359127, 
0.21255314350128174, -0.28115957975387573, 0.40016991694698767, 1791403373381209780, 
0.15183061361312866, 0.2788217067718506, 0.38332945794161116, 1791403373411234102, 
-0.04585784673690796, 0.055258333683013916, 0.380252139375913, 1791403373441237289, 
-0.01729053258895874, -0.36292022466659546, 0.41017230834236307, 1791403373471278525, 
0.09074926376342773, 0.3981342315673828, 0.4250324157035438, 1791403373501299750, 
-0.013594746589660645, 0.13705778121948242, 0.41312389357920914, 1791403373531929888, 
-0.09520536661148071, -0.49149447679519653, 0.3725420399734548, 1791403373564085615, 
0.14710867404937744, 0.11007469892501831, 0.44670416116367645, 1791403373591423929, 
-0.1641758680343628, 0.43311041593551636, 0.40829799400848776, 1791403373621359904, 
0.11927646398544312, -0.4749821424484253, 0.405277433252546, 1791403373651419861, 
0.21072918176651, 0.2013753056526184, 0.40281109200519577, 1791403373681404665, 
-0.21415841579437256, 0.18298321962356567, 0.38904832342535994, 1791403373711427132, 
0.17568522691726685, -0.2017039656639099, 0.38648974326783797, 1791403373741402312, 
-0.02395331859588623, 0.32113850116729736, 0.402007983663911, 1791403373771927916, 
-0.13127660751342773, 0.006857872009277344, 0.38472033736467387, 1791403373804479168, 
-0.24565988779067993, -0.009452641010284424, 0.44977433140174683, 1791403373831559468, 
0.291836142539978, 0.10032987594604492, 0.39440491410935263, 1791403373861473847, 
-0.2003028392791748, -0.11356616020202637, 0.40838742968268626, 1791403373891502798, 
0.02210944890975952, 0.15918850898742676, 0.41722472096632207, 1791403373921531870, 
-0.12308979034423828, 0.3868963122367859, 0.41472891326284317, 1791403373951557934, 
-0.06509190797805786, -0.4229136109352112, 0.3843662539444607, 1791403373981615268, 
0.2587512731552124, -0.07316076755523682, 0.39063125714750124, 1791403374011900580, 
-0.06682384014129639, 0.23014914989471436, 0.386848744540702, 1791403374043852865, 
0.15168613195419312, -0.013674020767211914, 0.4369233631058451, 1791403374071661382, 
0.005128979682922363, -0.001983821392059326, 0.42000451577696835, 1791403374101655139, 
-0.3410995602607727, 0.22325581312179565, 0.3995179885450854, 1791403374131657071, 
0.30515503883361816, -0.2525104880332947, 0.396834113963514, 1791403374161765911, 
-0.19474267959594727, -0.1723785400390625, 0.3983612978109486, 1791403374191767310, 
0.20908957719802856, 0.23249655961990356, 0.38802056389041106, 1791403374221733954, 
-0.17169791460037231, -0.21650028228759766, 0.38902164060303074, 1791403374252665040, 
0.06204414367675781, 0.12832969427108765, 0.3918922255403172, 1791403374283790610, 
0.07551062107086182, 0.5138422250747681, 0.4022000110945961, 1791403374313786680, 
-0.33130258321762085, -0.21279621124267578, 0.4251067546036833, 1791403374341794448, 
0.26386594772338867, 0.024637460708618164, 0.40452133619562103, 1791403374371811026, 
-0.17007631063461304, -0.19455021619796753, 0.37274779001160707, 1791403374393916510, 
-0.12235665321350098, -0.211867094039917, 0.4015989534951908, 1791403374432072297, 
0.267187237739563, 0.07114201784133911, 0.4072411043619577, 1791403374461903301, 
-0.35231924057006836, 0.3580728769302368, 0.4294315182163981, 1791403374492003476, 
-0.017355680465698242, -0.30074769258499146, 0.4028221139191661, 1791403374523913291, 
0.12296217679977417, -0.08659148216247559, 0.4119167262233421, 1791403374553964792, 
-0.06877189874649048, 0.49038898944854736, 0.41320404167469593, 1791403374582078975, 
-0.28262102603912354, -0.2593545913696289, 0.38263425363713477, 1791403374611909687, 
0.1535128951072693, 0.0004298686981201172, 0.40343310518601216, 1791403374641930175, 
-0.23601961135864258, 0.40368765592575073, 0.42004564287785234, 1791403374671945125, 
0.05607861280441284, -0.13061577081680298, 0.4096911614298232, 1791403374701978455, 
-0.30564844608306885, 0.20872104167938232, 0.4071611276117415, 1791403374732006967, 
0.027273237705230713, 0.016240358352661133, 0.3620711605948669, 1791403374764327880, 
-0.012752175331115723, 0.043872833251953125, 0.3958974624342391, 1791403374793583549, 
-0.21076005697250366, 0.1215638518333435, 0.41768418158626686, 1791403374822327794, 
-0.08536314964294434, -0.2751964330673218, 0.42782194215571007, 1791403374851086568, 
0.10610318183898926, 0.3768274188041687, 0.36779196241190887, 1791403374882107170, 
-0.1639552116394043, 0.15800726413726807, 0.3705773580846321, 1791403374912115498, 
0.07830828428268433, -0.1861923336982727, 0.4020452363020311, 1791403374942150056, 
-0.11285597085952759, 0.045041680335998535, 0.4149841664240362, 1791403374972172342, 
0.07280129194259644, 0.07254695892333984, 0.40561271705367824, 1791403375003934959, 
-0.18174397945404053, 0.29745835065841675, 0.3803359582459378, 1791403375035252283, 
0.09858685731887817, -0.21153128147125244, 0.4118463289962406, 1791403375062400197, 
0.05712801218032837, 0.20621395111083984, 0.38351225818342116, 1791403375092186518, 
-0.23978090286254883, 0.17252546548843384, 0.407737501646331, 1791403375122217851, 
0.05072718858718872, -0.018111765384674072, 0.4050918058665652, 1791403375152259550, 
-0.12103414535522461, 0.23903274536132812, 0.3979787246532772, 1791403375182278065, 
-0.29929250478744507, -0.16244280338287354, 0.3835423563364403, 1791403375212679497, 
0.2842335104942322, -0.06066519021987915, 0.36887869112358723, 1791403375244143696, 
0.29613780975341797, 0.3138114809989929, 0.41021330622620955, 1791403375275316903, 
-0.3554188013076782, -0.06635534763336182, 0.4452892387480346, 1791403375302403390, 
0.18857818841934204, -0.21154284477233887, 0.399073243978266, 1791403375332366361, 
0.026094675064086914, 0.40858954191207886, 0.3798520176494398, 1791403375362387123, 
-0.1564369797706604, 0.022219955921173096, 0.37308887768620297, 1791403375392422787, 
-0.047411441802978516, -0.17512404918670654, 0.40794203254012407, 1791403375422556552, 
-0.12187039852142334, 0.35165518522262573, 0.45539770463720874, 1791403375451442972, 
0.0360676646232605, -0.06380617618560791, 0.39261019456680885, 1791403375484179223, 
0.15483975410461426, -0.05374574661254883, 0.3775005109163959, 1791403375515868552, 
-0.12203389406204224, 0.3108261823654175, 0.4464868662615929, 1791403375542528836, 
-0.22515445947647095, -0.17066508531570435, 0.41174433345170663, 1791403375572476884, 
0.09508532285690308, 0.28089141845703125, 0.36227341185706324, 1791403375596117285, 
0.17688041925430298, 0.009626388549804688, 0.48752863207627783, 1791403375622593695, 
-0.059617698192596436, -0.0937836766242981, 0.41311102858115983, 1791403375652547726, 
-0.008811533451080322, 0.2310125231742859, 0.3961831816650878, 1791403375682562311, 
-0.175498366355896, -0.11937779188156128, 0.4004234156271628, 1791403375712598708, 
0.14380496740341187, 0.06904482841491699, 0.392520861477701, 1791403375742635819, 
-0.10325270891189575, 0.3460707664489746, 0.39334431362053357, 1791403375772683549, 
-0.014738798141479492, -0.15509146451950073, 0.3535448314518401, 1791403375803915133, 
0.18716084957122803, 0.019189000129699707, 0.3514382374580353, 1791403375836094241, 
0.009892702102661133, 0.0973171591758728, 0.4741410690496432, 1791403375862716145, 
0.08904612064361572, 0.22021126747131348, 0.39859355208871894, 1791403375892916976, 
-0.1411636471748352, -0.016914784908294678, 0.40924215465002695, 1791403375922779166, 
-0.2603403925895691, 0.2019263505935669, 0.41295834597426045, 1791403375952695103, 
0.009187757968902588, -0.03701275587081909, 0.4179527602279237, 1791403375982710530, 
0.26156705617904663, -0.09486299753189087, 0.4086716868891409, 1791403376012711935, 
0.1787533164024353, 0.41642653942108154, 0.37215331909908234, 1791403376044572320, 
-0.30189239978790283, -0.3034989833831787, 0.38972711876311855, 1791403376076280316, 
-0.12282198667526245, 0.047104835510253906, 0.461349521038407, 1791403376102833952, 
-0.0041342973709106445, 0.6682024002075195, 0.39523019211426874, 1791403376132846390, 
-0.3675030469894409, -0.33584994077682495, 0.38999473006396124, 1791403376162837006, 
0.30014628171920776, -0.10328465700149536, 0.39362476841181754, 1791403376192852453, 
0.17773473262786865, 0.3459346294403076, 0.4074243351582195, 1791403376222896990, 
-0.3117173910140991, -0.10194617509841919, 0.39570752730612807, 1791403376252952782, 
0.06463581323623657, 0.005700826644897461, 0.3804319680948068, 1791403376283950593, 
-0.07597512006759644, 0.23997712135314941, 0.37569738542366826, 1791403376315816769, 
-0.1190531849861145, -0.07965725660324097, 0.42959488761079057, 1791403376342921297, 
0.155301034450531, -0.126207172870636, 0.3903766318076778, 1791403376372940119, 
-0.1981745958328247, 0.32622087001800537, 0.40839637875817825, 1791403376402960996, 
0.13877993822097778, -0.2482702136039734, 0.4166716538917591, 1791403376433041581, 
0.12013643980026245, 0.01813352108001709, 0.43928426923773833, 1791403376462951149, 
-0.2031416893005371, 0.3256603479385376, 0.4316423165099542, 1791403376493100536, 
0.26125848293304443, -0.280974805355072, 0.40242841087352493, 1791403376523946111, 
-0.21072494983673096, 0.32755690813064575, 0.36834023305595504, 1791403376556272554, 
-0.16030043363571167, 0.21362894773483276, 0.4260232962128568, 1791403376583112568, 
-0.0996280312538147, -0.1852341890335083, 0.38933382771756647, 1791403376613098401, 
0.0808601975440979, 0.1305246353149414, 0.4108814094316201, 1791403376643083340, 
-0.3978874683380127, -0.07068401575088501, 0.4213618511915979, 1791403376673253614, 
0.0057106614112854, 0.11343199014663696, 0.4102140303496952, 1791403376702432176, 
0.10001915693283081, 0.22100025415420532, 0.3563601422296512, 1791403376733252964, 
0.05768764019012451, 0.2620776891708374, 0.3664492820863581, 1791403376763038876, 
0.29361915588378906, 0.11392319202423096, 0.3822331780454486, 1791403376795121489, 
-0.2446500062942505, 0.08471024036407471, 0.46960594433797215, 1791403376822227103, 
0.0056288838386535645, 0.16017580032348633, 0.3890380103945394, 1791403376853345025, 
-0.18437814712524414, -0.2044427990913391, 0.39074676510324485, 1791403376883210057, 
0.5172361135482788, 0.07033759355545044, 0.3988860962058797, 1791403376913228391, 
-0.1539517641067505, 0.13936877250671387, 0.427594039817009, 1791403376943250792, 
-0.18325459957122803, -0.17496031522750854, 0.39711929941450463, 1791403376973427479, 
0.09662818908691406, 0.2722094655036926, 0.37890669017498574, 1791403377004379088, 
-0.3207184076309204, 0.05500006675720215, 0.3762942504293505, 1791403377035858173, 
-0.12026870250701904, -0.2558976411819458, 0.46292481772790234, 1791403377062427963, 
0.14851975440979004, 0.49115896224975586, 0.4198282760033553, 1791403377093405104, 
-0.2661404609680176, 0.13143962621688843, 0.4044858740453116, 1791403377123400575, 
0.08671879768371582, -0.4262329339981079, 0.3931290135805454, 1791403377153412541, 
-0.06645375490188599, 0.2816581130027771, 0.4026972117298942, 1791403377183630220, 
-0.04826939105987549, 0.07861679792404175, 0.39348537881822626, 1791403377213603242, 
0.18124854564666748, -0.18347889184951782, 0.4038375482497832, 1791403377244084097, 
-0.21488851308822632, 0.3976108431816101, 0.38469027644261156, 1791403377276134024, 
-0.11274123191833496, -0.18930965662002563, 0.4466379798888776, 1791403377303553009, 
0.18795698881149292, -0.18292921781539917, 0.38761701819511163, 1791403377333549520, 
-0.26375818252563477, 0.603136420249939, 0.3777660008850006, 1791403377363503488, 
-0.29954349994659424, 0.00968313217163086, 0.4021837583076341, 1791403377393526525, 
0.042490363121032715, -0.02603447437286377, 0.4275504019589034, 1791403377423592602, 
0.10069894790649414, 0.12375354766845703, 0.4470765989299657, 1791403377453603215, 
-0.2668071985244751, -0.17856943607330322, 0.4041770390139781, 1791403377483989877, 
-0.05288177728652954, 0.030385076999664307, 0.3584902888718005, 1791403377516546328, 
-0.11385756731033325, 0.14174962043762207, 0.4438522542791466, 1791403377543665372, 
-0.4246765375137329, 0.0006894469261169434, 0.40511329956497516, 1791403377573734409, 
0.15201067924499512, 0.027373135089874268, 0.3873526127675322, 1791403377604523817, 
-0.05350369215011597, 0.19945824146270752, 0.40065536639160965, 1791403377633873809, 
0.08249372243881226, 0.045571863651275635, 0.3952970283948569, 1791403377663655010, 
0.179049551486969, -0.15272510051727295, 0.3952643420215127, 1791403377693789147, 
-0.08612757921218872, 0.11508530378341675, 0.3987585979198412, 1791403377724139486, 
-0.2938072085380554, -0.068584144115448, 0.37308817322484433, 1791403377756106473, 
0.14941459894180298, 0.26118552684783936, 0.41180658554148397, 1791403377783784295, 
-0.09096813201904297, 0.30797523260116577, 0.3621899394401741, 1791403377814713068, 
-0.007283449172973633, -0.2609219551086426, 0.4117737205421915, 1791403377843467201, 
0.11672395467758179, 0.29316043853759766, 0.3955456531950779, 1791403377874533073, 
-0.3537655472755432, 0.1376320719718933, 0.41460424732645035, 1791403377904477386, 
0.08535104990005493, -0.218028724193573, 0.4108295900840874, 1791403377934531397, 
-0.1357358694076538, 0.18066251277923584, 0.40069377259928074, 1791403377964811591, 
0.005750477313995361, 0.10607296228408813, 0.40144834452466016, 1791403377996241671, 
-0.2315967082977295, -0.1206095814704895, 0.40908300592284613, 1791403378025994183, 
0.17255693674087524, 0.06535112857818604, 0.4223848543793281, 1791403378054542638, 
-0.24380266666412354, 0.3365858197212219, 0.3975421331009945, 1791403378084484053, 
0.4443267583847046, 0.008667528629302979, 0.3614123883452413, 1791403378106018187, 
0.09194761514663696, 0.031414926052093506, 0.42228251323681554, 1791403378144498655, 
-0.04454141855239868, 0.44124042987823486, 0.4130228201346107, 1791403378174584541, 
-0.08075308799743652, -0.290155827999115, 0.3958624006326478, 1791403378204590405, 
0.1876918077468872, 0.30637145042419434, 0.3643702507241457, 1791403378235960171, 
0.22155946493148804, 0.22054153680801392, 0.39944647111934756, 1791403378266030391, 
-0.2561402916908264, 0.009994983673095703, 0.4113616382206452, 1791403378294581907, 
-0.16289228200912476, 0.19667059183120728, 0.4018414657785323, 1791403378324548411, 
-0.24373239278793335, -0.03452938795089722, 0.407595891552316, 1791403378354580773, 
0.3428906798362732, 0.15006142854690552, 0.41984482917874716, 1791403378384626328, 
0.1978471875190735, 0.22619670629501343, 0.4152093498046741, 1791403378414674763, 
-0.1204100251197815, -0.1383206844329834, 0.4187901718700361, 1791403378444690613, 
-0.21114933490753174, -0.20021408796310425, 0.3919406397216597, 1791403378476700130, 
-0.15181750059127808, 0.1995072364807129, 0.42836525045666235, 1791403378505464687, 
-0.07313954830169678, 0.22755461931228638, 0.3897035993713467, 1791403378544571856, 
-0.008136451244354248, 0.019825994968414307, 0.39749941219051504, 1791403378574611491, 
-0.04420316219329834, 0.029208004474639893, 0.4236761429439456, 1791403378604650162, 
-0.04522782564163208, 0.05276763439178467, 0.42477684631210416, 1791403378636010182, 
-0.28458768129348755, 0.06583833694458008, 0.4020341275701997, 1791403378667033610, 
0.3267158269882202, -0.04903280735015869, 0.4102589393031305, 1791403378694610693, 
-0.06324225664138794, 0.02499568462371826, 0.3617625793815381, 1791403378724647591, 
-0.31576329469680786, 0.08726358413696289, 0.38931681258470874, 1791403378754625149, 
0.1572163701057434, 0.19199538230895996, 0.42019298770053853, 1791403378784627608, 
-0.26729148626327515, 0.21674823760986328, 0.4022327563338766, 1791403378814701170, 
0.11185139417648315, -0.3962637186050415, 0.3883316022199105, 1791403378844640627, 
0.2329624891281128, 0.09117722511291504, 0.3888284865450925, 1791403378875467129, 
0.19569110870361328, 0.4996374845504761, 0.40329896330876674, 1791403378907135561, 
-0.2579018473625183, -0.35204368829727173, 0.45197908466794695, 1791403378934640073, 
-0.057709574699401855, 0.2157198190689087, 0.381623737927539, 1791403378964732189, 
-0.10786223411560059, 0.4407881498336792, 0.39972642696433025, 1791403378994774401, 
0.24561774730682373, -0.25405561923980713, 0.39749215256835263, 1791403379024749044, 
0.025686979293823242, 0.12393146753311157, 0.4101039929278817, 1791403379054800512, 
-0.39198625087738037, 0.12440842390060425, 0.4181193254609518, 1791403379084777812, 
-0.14642179012298584, -0.1276993751525879, 0.37607657322785687, 1791403379116635664, 
0.2507266402244568, 0.16927069425582886, 0.3747911060763168, 1791403379147801476, 
-0.06330335140228271, 0.14577996730804443, 0.43479542750059447, 1791403379174769310, 
-0.07301151752471924, 0.03682565689086914, 0.3826880888087668, 1791403379204784235, 
0.007955610752105713, -0.0583268404006958, 0.40221010809680363, 1791403379234827842, 
-0.11055201292037964, 0.12356764078140259, 0.39968575885304136, 1791403379264851825, 
-0.1443171501159668, -0.03045421838760376, 0.38549786809447034, 1791403379294898006, 
-0.21326398849487305, 0.20809781551361084, 0.39310704704846905, 1791403379325006348, 
-0.023945927619934082, 0.10566592216491699, 0.3933654442259148, 1791403379356004613, 
-0.11373251676559448, 0.08700913190841675, 0.4092623759001923, 1791403379387602942, 
0.15978920459747314, 0.34573155641555786, 0.4786493039219051, 1791403379414861051, 
-0.20799565315246582, 0.0035680532455444336, 0.39750929003032304, 1791403379444881023, 
-0.2012515664100647, -0.07798004150390625, 0.38005832441904996, 1791403379474898692, 
0.1955152153968811, 0.0156671404838562, 0.3982728680623091, 1791403379504881245, 
-0.32489508390426636, 0.22516828775405884, 0.40605122983952746, 1791403379534922017, 
-0.11478954553604126, 0.009693562984466553, 0.40200764435060093, 1791403379564940681, 
-0.040966153144836426, 0.1404370665550232, 0.39092658281178405, 1791403379596238122, 
-0.18129271268844604, 0.16983377933502197, 0.36804275972523526, 1791403379628682276, 
-0.11172455549240112, -0.2441197633743286, 0.4581525659437935, 1791403379654958169, 
0.05013132095336914, 0.4001355767250061, 0.38673696124010976, 1791403379684978548, 
-0.03504997491836548, -0.2083027958869934, 0.33205835690486246, 1791403379708072154, 
0.13294488191604614, 0.01829063892364502, 0.43932281858020167, 1791403379744966995, 
0.1432967185974121, 0.5222527980804443, 0.38354180582958985, 1791403379774944640, 
-0.1781456470489502, -0.34307926893234253, 0.4015556140987379, 1791403379805074029, 
0.08734959363937378, -0.027717173099517822, 0.40112222606357584, 1791403379836008631, 
-0.04753202199935913, 0.649369478225708, 0.38728646613866186, 1791403379868355448, 
-0.4426910877227783, -0.24357277154922485, 0.4402925160833862, 1791403379894955522, 
0.5658412575721741, -0.09265005588531494, 0.39338389476112845, 1791403379924956182, 
-0.05293649435043335, 0.49824589490890503, 0.42916633453120856, 1791403379954953497, 
-0.22215771675109863, -0.2595956325531006, 0.4225025164202012, 1791403379985001827, 
0.21911364793777466, -0.0895313024520874, 0.4240288879621502, 1791403380015044130, 
-0.4106401205062866, 0.5264273285865784, 0.4061798633650119, 1791403380045042098, 
0.27033692598342896, -0.27988940477371216, 0.37171286718816565, 1791403380076631376, 
0.01501309871673584, -0.21574199199676514, 0.397520299970722, 1791403380108046342, 
0.09677904844284058, 0.34882044792175293, 0.4371957763447102, 1791403380145160868, 
-0.3154277205467224, 0.249691903591156, 0.3995900874404704, 1791403380175228368, 
0.4018790125846863, 0.0734180212020874, 0.3983369291360097, 1791403380205266785, 
-0.23139917850494385, -0.02778303623199463, 0.393637187319503, 1791403380236213272, 
-0.055121660232543945, 0.18685704469680786, 0.3748895119143426, 1791403380268758558, 
-0.3319259285926819, -0.04186004400253296, 0.4579900918993995, 1791403380295230828, 
-0.28798580169677734, 0.24322664737701416, 0.40629256015263593, 1791403380325195084, 
-0.09108829498291016, 0.27085649967193604, 0.397430470445377, 1791403380355233167, 
0.20694202184677124, -0.20876270532608032, 0.4214088384373622, 1791403380385227755, 
0.04414910078048706, 0.11294800043106079, 0.4085991942909022, 1791403380415237145, 
-0.31989586353302, 0.3685724139213562, 0.39932044674149964, 1791403380445286349, 
-0.055061399936676025, -0.2575739622116089, 0.4053469857605068, 1791403380476337766, 
-0.004710257053375244, 0.4591137766838074, 0.36925938922502105, 1791403380508316575, 
-0.05137526988983154, 0.10643202066421509, 0.43039005237145284, 1791403380535378998, 
0.12532013654708862, -0.17396903038024902, 0.4141245998405742, 1791403380565337870, 
0.37127649784088135, 0.25663644075393677, 0.41853180811761703, 1791403380595349296, 
-0.2891542315483093, -0.25695860385894775, 0.39572423438682797, 1791403380625391028, 
-0.12732070684432983, 0.20229923725128174, 0.40755292946592103, 1791403380654380829, 
-0.019955694675445557, 0.37056487798690796, 0.3816789762419369, 1791403380684453747, 
-0.014320433139801025, -0.31461673974990845, 0.3506436689721556, 1791403380716734868, 
0.19973492622375488, 0.003749251365661621, 0.3654869437739065, 1791403380748342369, 
-0.13896715641021729, 0.5890156626701355, 0.44765592302162344, 1791403380775472170, 
-0.2839832305908203, -0.2198355793952942, 0.4052513867020627, 1791403380804466844, 
0.1208309531211853, -0.2970758080482483, 0.39709210841481496, 1791403380834451824, 
0.1290021538734436, 0.5896337032318115, 0.3909548989640002, 1791403380865514579, 
-0.1352725625038147, -0.10624432563781738, 0.40031600422285096, 1791403380895552798, 
0.1215333342552185, -0.15113282203674316, 0.42089558009445543, 1791403380925632492, 
-0.026461541652679443, 0.5404812693595886, 0.3985565208064268, 1791403380956313401, 
-0.25075435638427734, -0.28056269884109497, 0.3807637214674867, 1791403380988095909, 
0.24826174974441528, -0.07832729816436768, 0.43560717877833394, 1791403381015739765, 
-0.291523277759552, 0.20530182123184204, 0.42410631784740765, 1791403381045612841, 
-0.22500836849212646, 0.007058918476104736, 0.4203901898656805, 1791403381075628103, 
0.2205258011817932, 0.07509440183639526, 0.4133209667558411, 1791403381105667476, 
0.004268050193786621, 0.07703620195388794, 0.3968864484117535, 1791403381135634365, 
-0.048066139221191406, -0.055065035820007324, 0.3902297030985628, 1791403381165682487, 
0.04223001003265381, -0.046327829360961914, 0.401826174359372, 1791403381196356567, 
-0.46174806356430054, 0.48307132720947266, 0.380659280851597, 1791403381228528450, 
0.19192975759506226, -0.0513002872467041, 0.42164853593187557, 1791403381255790193, 
-0.33166855573654175, -0.08579570055007935, 0.36443326205941245, 1791403381285737260, 
-0.21306699514389038, -0.10132080316543579, 0.35080469932010977, 1791403381308388649, 
0.24685728549957275, -0.030963242053985596, 0.45755258073303856, 1791403381335850336, 
-0.2908492088317871, 0.35126036405563354, 0.4091235492559399, 1791403381365818000, 
-0.03993391990661621, -0.07784104347229004, 0.3935392370933818, 1791403381395829882, 
-0.2774810194969177, -0.15626764297485352, 0.3728770025516475, 1791403381425837415, 
0.048124074935913086, 0.24517697095870972, 0.37773663201446006, 1791403381455884806, 
0.010527610778808594, 0.03667736053466797, 0.4260401988108731, 1791403381485912423, 
-0.2943572998046875, 0.26295602321624756, 0.4024584307376638, 1791403381516072855, 
0.00610727071762085, 0.012021839618682861, 0.38469169030355155, 1791403381548736382, 
-0.180758535861969, -0.22206681966781616, 0.44072383051188513, 1791403381576002025, 
0.24101024866104126, 0.18333345651626587, 0.39544117232892073, 1791403381605936291, 
-0.18185114860534668, 0.2560516595840454, 0.40523408907292463, 1791403381635927956, 
-0.2677192687988281, -0.31914669275283813, 0.37235968933038854, 1791403381665945336, 
0.2812543511390686, 0.22974681854248047, 0.38956995714612935, 1791403381695959475, 
-0.1817413568496704, 0.3088308572769165, 0.3924043191288762, 1791403381726009544, 
-0.021977007389068604, -0.2637072801589966, 0.38181878639096795, 1791403381756614869, 
0.1864393949508667, 0.10102671384811401, 0.3898868394108591, 1791403381788117418, 
-0.2747921347618103, 0.260134756565094, 0.4476543951659256, 1791403381816149842, 
-0.01694166660308838, -0.348574697971344, 0.41062072372021424, 1791403381846142885, 
0.2453588843345642, -0.0688355565071106, 0.3854911006343631, 1791403381876291174, 
-0.2651669979095459, 0.44996166229248047, 0.40701848634219223, 1791403381906230915, 
-0.19101238250732422, -0.08914285898208618, 0.42334591175152925, 1791403381936125334, 
0.16906166076660156, 0.1320875883102417, 0.43068850456787905, 1791403381966164262, 
-0.14412081241607666, 0.28210461139678955, 0.4046422411888499, 1791403381996569550, 
-0.13474684953689575, -0.19846570491790771, 0.3718553000921481, 1791403382028328224, 
0.19573479890823364, -0.16230285167694092, 0.4188749952645791, 1791403382056256271, 
-0.07885968685150146, 0.05094629526138306, 0.39818564697873265, 1791403382086162332, 
-1.1291873455047607, -0.22684985399246216, 0.3448890436911151, 1791403382116197089, 
0.41925591230392456, 0.15181231498718262, 0.3783018042131509, 1791403382146211951, 
0.867274284362793, 0.41325098276138306, 0.42451339670748717, 1791403382176264872, 
-0.5992845296859741, -0.01601850986480713, 0.3579257822204125, 1791403382206315654, 
-0.526885449886322, 0.337815523147583, 0.38700881291941847, 1791403382236346819, 
0.30330610275268555, 0.08838897943496704, 0.3875861959406811, 1791403382268136206, 
-0.9531645774841309, -0.3698177933692932, 0.4005879641494059, 1791403382298968615, 
0.1436758041381836, 0.5323634147644043, 0.4360141693897277, 1791403382326347150, 
-0.36785662174224854, 0.29627740383148193, 0.3802543660834006, 1791403382356389525, 
0.39831340312957764, -0.22263091802597046, 0.4039906644223762, 1791403382386360261, 
-0.0026148557662963867, 0.25109922885894775, 0.4142630596829299, 1791403382416382416, 
-0.0356290340423584, -0.034364402294158936, 0.4038837199932533, 1791403382446399410, 
-0.1608704924583435, 0.1442563533782959, 0.38942220740904093, 1791403382476423406, 
-0.021653831005096436, 0.5602173209190369, 0.3615262438878993, 1791403382508568787, 
-0.024386107921600342, -0.20078837871551514, 0.42172441930177085, 1791403382538949438, 
0.41534358263015747, -0.21487879753112793, 0.5083729918054664, 1791403382564458634, 
-0.06618958711624146, 0.5361714959144592, 0.37705073039009784, 1791403382596484988, 
-0.3738887906074524, -0.36938774585723877, 0.3911950915303783, 1791403382626501127, 
0.3152676820755005, -0.1888788938522339, 0.39235482112490994, 1791403382656598862, 
-0.22659653425216675, 0.7769114375114441, 0.39475504149754154, 1791403382686618156, 
-0.22988760471343994, 0.45432573556900024, 0.411711744649907, 1791403382716764581, 
-0.2964273691177368, -0.40443742275238037, 0.3992621155931699, 1791403382748180468, 
0.2394811511039734, 0.3020758628845215, 0.39543485690035374, 1791403382778501870, 
-0.3000979423522949, 0.008741438388824463, 0.40737905029863536, 1791403382806711975, 
0.24301260709762573, -0.1953231692314148, 0.3813871899296091, 1791403382836641837, 
0.030782461166381836, 0.4243106245994568, 0.4063444842357358, 1791403382866669047, 
-0.26759231090545654, 0.10427409410476685, 0.4205298614269679, 1791403382896656315, 
0.06883382797241211, -0.010894715785980225, 0.42962697537710465, 1791403382926706263, 
0.06843245029449463, -0.04113423824310303, 0.4098638777000629, 1791403382956735483, 
0.10429739952087402, -0.054423511028289795, 0.39449425572536145, 1791403382987441888, 
-0.076393723487854, 0.10338640213012695, 0.3904683121654624, 1791403383019676636, 
-0.2631010413169861, 0.524494469165802, 0.44924770989161483, 1791403383046792047, 
0.15444201231002808, -0.08064073324203491, 0.38090688931985556, 1791403383076789830, 
-0.11396080255508423, -0.11566150188446045, 0.38693233464650256, 1791403383106852271, 
0.02948129177093506, 0.15594255924224854, 0.40096776894196867, 1791403383136835592, 
-0.06182825565338135, -0.055788278579711914, 0.4040639294516846, 1791403383166879389, 
-0.3536897301673889, 0.18595045804977417, 0.40316431623723115, 1791403383196920811, 
0.05050605535507202, 0.1797448992729187, 0.36852587373261, 1791403383228214123, 
-0.170690655708313, -0.11858034133911133, 0.35173689388140345, 1791403383260243885, 
0.2823261618614197, 0.14983457326889038, 0.4501327666002424, 1791403383286966213, 
0.10336774587631226, 0.06970483064651489, 0.41806086248968743, 1791403383316917446, 
-0.18299126625061035, -0.10835862159729004, 0.3932013434581939, 1791403383346899514, 
0.04476219415664673, 0.2651035189628601, 0.4066481534759081, 1791403383376919634, 
-0.29996949434280396, 0.17465978860855103, 0.3993969808120346, 1791403383406963362, 
0.05090564489364624, -0.3033345341682434, 0.3916115456811717, 1791403383437001915, 
0.2858024835586548, 0.22970253229141235, 0.3926424573657489, 1791403383468923157, 
0.030018210411071777, 0.19157499074935913, 0.4050150102575485, 1791403383500211704, 
0.03147280216217041, -0.37617987394332886, 0.4467597136429919, 1791403383527241781, 
0.1992526650428772, 0.4293174743652344, 0.39330530341759345, 1791403383557116975, 
-0.26600944995880127, 0.5257852673530579, 0.39545409171825857, 1791403383587246026, 
